<?xml version="1.0" encoding="UTF-8"?>
<project-private xmlns="http://www.netbeans.org/ns/project-private/1">
    <editor-bookmarks xmlns="http://www.netbeans.org/ns/editor-bookmarks/2" lastBookmarkId="0"/>
    <open-files xmlns="http://www.netbeans.org/ns/projectui-open-files/2">
        <group>
            <file>file:/Users/apple/Desktop/Java/Assignments/FinalProject-ExtraCredit/src/Interfaces/ShipItem.java</file>
            <file>file:/Users/apple/Desktop/Java/Assignments/FinalProject-ExtraCredit/src/Input.csv</file>
            <file>file:/Users/apple/Desktop/Java/Assignments/FinalProject-ExtraCredit/src/Interfaces/MainForm.java</file>
            <file>file:/Users/apple/Desktop/Java/Assignments/FinalProject-ExtraCredit/src/Interfaces/ShowAllInfo.java</file>
        </group>
    </open-files>
</project-private>
